{
  "uuid": "1bc55289-6932-44c4-8684-713759be530e",
  "name": "addlistener",
  "description": "add a listener to a Widget ",
  "aliases": [],
  "types": [
    "Lorg/eclipse/swt/widgets/Event",
    "Lorg/eclipse/swt/widgets/Listener"
  ],
  "code": "${control:var(org.eclipse.swt.widgets.Widget)}.addListener(${type:link(\n\tSWT.Activate,\n\tSWT.Arm,\n\tSWT.Close,\n\tSWT.Collapse,\n\tSWT.Deactivate,\n\tSWT.DefaultSelection,\n\tSWT.Deiconify,\n\tSWT.Dispose,\n\tSWT.DragDetect,\n\tSWT.EraseItem,\n\tSWT.Expand,\n\tSWT.FocusIn,\n\tSWT.FocusOut,\n\tSWT.HardKeyDown,\n\tSWT.HardKeyUp,\n\tSWT.Help,\n\tSWT.Hide,\n\tSWT.Iconify,\n\tSWT.ImeComposition,\n\tSWT.KeyDown,\n\tSWT.KeyUp,\n\tSWT.MeasureItem,\n\tSWT.MenuDetect,\n\tSWT.Modify,\n\tSWT.MouseDoubleClick,\n\tSWT.MouseDown,\n\tSWT.MouseEnter,\n\tSWT.MouseExit,\n\tSWT.MouseHover,\n\tSWT.MouseMove,\n\tSWT.MouseUp,\n\tSWT.MouseWheel,\n\tSWT.Move,\n\tSWT.Paint,\n\tSWT.PaintItem,\n\tSWT.Resize,\n\tSWT.Selection,\n\tSWT.SetData,\n\tSWT.Settings,\n\tSWT.Show,\n\tSWT.Traverse,\n\tSWT.Verify)}, new ${listener:newType(org.eclipse.swt.widgets.Listener)}(){\n\tpublic void handleEvent(${event:newType(org.eclipse.swt.widgets.Event)} e) {\n\t\t${imp:import(org.eclipse.swt.SWT)}${cursor}\t\t\t\t\n\t}\n});"
}