{
  "uuid": "23cfd6c3-c774-4985-891e-9f87797a84ee",
  "name": "Browser",
  "description": "new Browser",
  "aliases": [],
  "types": [
    "Lorg/eclipse/swt/browser/Browser"
  ],
  "code": "${browserType:newType(org.eclipse.swt.browser.Browser)} ${browser:newName(org.eclipse.swt.browser.Browser)}\u003d new ${browserType}(${parent:var(org.eclipse.swt.widgets.Composite)}, ${style:link(SWT.NONE, SWT.MOZILLA)});\n${browser}.setLayoutData(new ${gridDataType:newType(org.eclipse.swt.layout.GridData)}(SWT.${horizontal:link(FILL, BEGINNING, CENTER, END)}, SWT.${vertical:link(FILL, TOP, CENTER, BOTTOM)}, ${hex:link(true, false)}, ${vex:link(true, false)}));\n${browser}.setUrl(${word_selection}${});\n${imp:import(org.eclipse.swt.SWT)}${cursor}"
}