{
  "uuid": "49770819-da02-4e5d-bab3-cb02ce4617c4",
  "name": "Combo",
  "description": "new Combo",
  "aliases": [],
  "types": [
    "Lorg/eclipse/swt/widgets/Combo"
  ],
  "code": "${comboType:newType(org.eclipse.swt.widgets.Combo)} ${combo:newName(org.eclipse.swt.widgets.Combo)}\u003d new ${comboType}(${parent:var(org.eclipse.swt.widgets.Composite)}, ${style:link(SWT.DROP_DOWN, \u0027SWT.DROP_DOWN | SWT.READ_ONLY\u0027)});\n${combo}.setLayoutData(new ${gridDataType:newType(org.eclipse.swt.layout.GridData)}(SWT.${horizontal:link(FILL, BEGINNING, CENTER, END)}, SWT.${vertical:link(CENTER, TOP, BOTTOM, FILL)}, ${hex:link(true, false)}, ${vex:link(false, true)}));\n${combo}.setItems(${word_selection}${});\n${imp:import(org.eclipse.swt.SWT)}${cursor}"
}