{
  "uuid": "3bf9735e-0992-4ad9-aeac-c07998d248e1",
  "name": "Composite",
  "description": "new Composite with GridLayout",
  "aliases": [],
  "types": [
    "Lorg/eclipse/swt/widgets/Composite"
  ],
  "code": "${compositeType:newType(org.eclipse.swt.widgets.Composite)} ${composite:newName(org.eclipse.swt.widgets.Composite)}\u003d new ${compositeType}(${parent:var(org.eclipse.swt.widgets.Composite)}, ${style:link(SWT.NONE, SWT.BORDER)});\n${composite}.setLayoutData(new ${gridDataType:newType(org.eclipse.swt.layout.GridData)}(SWT.${horizontal:link(FILL, BEGINNING, CENTER, END)}, SWT.${vertical:link(FILL, TOP, CENTER, BOTTOM)}, ${hex:link(true, false)}, ${vex:link(true, false)}));\n${composite}.setLayout(new ${layoutType:newType(org.eclipse.swt.layout.GridLayout)}(${numberColumns:link(1, 2, 3, 4, 5)}, ${equalColumns:link(false, true)}));\n${imp:import(org.eclipse.swt.SWT)}${cursor}"
}