{
  "uuid": "72c51506-a39a-4970-9ed5-6213735a39f9",
  "name": "ExpandBar",
  "description": "new ExpandBar",
  "aliases": [],
  "types": [
    "Lorg/eclipse/swt/widgets/ExpandBar"
  ],
  "code": "${type:newType(org.eclipse.swt.widgets.ExpandBar)} ${bar:newName(org.eclipse.swt.widgets.ExpandBar)}\u003d new ${type}(${parent:var(org.eclipse.swt.widgets.Composite)}, ${style:link(SWT.V_SCROLL, SWT.NONE)});\n${bar}.setLayoutData(new ${gridDataType:newType(org.eclipse.swt.layout.GridData)}(SWT.${horizontal:link(FILL, BEGINNING, CENTER, END)}, SWT.${vertical:link(FILL, TOP, CENTER, BOTTOM)}, ${hex:link(true, false)}, ${vex:link(true, false)}));\n${imp:import(org.eclipse.swt.SWT)}${cursor}"
}