{
  "uuid": "c2283fb4-15ec-4fef-bdee-8ac09a1b9226",
  "name": "ExpandItem",
  "description": "new ExpandItem for an ExpandBar",
  "aliases": [],
  "types": [
    "Lorg/eclipse/swt/widgets/ExpandItem",
    "Lorg/eclipse/swt/widgets/ExpandBar"
  ],
  "code": "${type:newType(org.eclipse.swt.widgets.ExpandItem)} ${item:newName(org.eclipse.swt.widgets.ExpandItem)}\u003d new ${type}(${parent:var(org.eclipse.swt.widgets.ExpandBar)}, SWT.NONE);\n${item}.setText(${word_selection}${});\n${imp:import(org.eclipse.swt.SWT)}${cursor}\n\n${item}.setControl(${control});\n${item}.setHeight(${control}.computeSize(SWT.DEFAULT, SWT.DEFAULT).y);"
}