{
  "uuid": "208764ba-3c57-49ea-a5fc-09628f864ac0",
  "name": "GridLayout",
  "description": "new GridLayout for a Composites",
  "aliases": [],
  "types": [
    "Lorg/eclipse/swt/layout/GridLayout"
  ],
  "code": "${gridLayout:newType(org.eclipse.swt.layout.GridLayout)} ${layout:newName(org.eclipse.swt.layout.GridLayout)} \u003d new ${gridLayout}(${columns:link(1, 2, 3, 4, 5)}, ${width:link(false, true)});\n${layout}.marginWidth \u003d ${marginW:link(5, 0)};\n${layout}.marginHeight \u003d ${marginH:link(5, 0)};\n${layout}.verticalSpacing \u003d ${vSpacing:link(0, 5)};\n${layout}.horizontalSpacing \u003d ${hSpacing:link(0, 5)};\n${parent:var(org.eclipse.swt.widgets.Composite)}.setLayout(${layout});\n${cursor}"
}