{
  "uuid": "5c07c904-7e78-4363-a650-f437bacd5477",
  "name": "Group",
  "description": "new Group with GridLayout",
  "aliases": [],
  "types": [
    "Lorg/eclipse/swt/widgets/Group"
  ],
  "code": "${groupType:newType(org.eclipse.swt.widgets.Group)} ${group:newName(org.eclipse.swt.widgets.Group)}\u003d new ${groupType}(${parent:var(org.eclipse.swt.widgets.Composite)}, ${style:link(SWT.NONE, SWT.SHADOW_ETCHED_IN, SWT.SHADOW_ETCHED_OUT, SWT.SHADOW_IN, SWT.SHADOW_OUT, SWT.SHADOW_NONE)});\n${group}.setLayoutData(new ${gridDataType:newType(org.eclipse.swt.layout.GridData)}(SWT.${horizontal:link(FILL, BEGINNING, CENTER, END)}, SWT.${vertical:link(FILL, TOP, CENTER, BOTTOM)}, ${hex:link(true, false)}, ${vex:link(false, true)}));\n${group}.setLayout(new ${layoutType:newType(org.eclipse.swt.layout.GridLayout)}(${numberColumns:link(1, 2, 3, 4, 5)}, ${equalColumns:link(false, true)}));\n${group}.setText(${word_selection}${});\n${imp:import(org.eclipse.swt.SWT)}${cursor}"
}