{
  "uuid": "879a7732-2a8f-4cee-a3b4-4ca970c7d091",
  "name": "Label",
  "description": "new Label",
  "aliases": [],
  "types": [
    "Lorg/eclipse/swt/widgets/Label"
  ],
  "code": "${labelType:newType(org.eclipse.swt.widgets.Label)} ${label:newName(org.eclipse.swt.widgets.Label)}\u003d new ${labelType}(${parent:var(org.eclipse.swt.widgets.Composite)}, ${style:link(SWT.NONE, SWT.WRAP, \u0027SWT.SEPARATOR | SWT.HORIZONTAL\u0027, \u0027SWT.SEPARATOR | SWT.VERTICAL\u0027)});\n${label}.setLayoutData(new ${type:newType(org.eclipse.swt.layout.GridData)}(SWT.${horizontal:link(BEGINNING, CENTER, END, FILL)}, SWT.${vertical:link(CENTER, TOP, BOTTOM, FILL)}, ${hex:link(false, true)}, ${vex:link(false, true)}));\n${label}.setText(${word_selection}${});\n${imp:import(org.eclipse.swt.SWT)}${cursor}"
}