{
  "uuid": "b925bc8a-4d48-4e61-9e1e-8379d0245ad8",
  "name": "Link",
  "description": "new Link",
  "aliases": [],
  "types": [
    "Lorg/eclipse/swt/widgets/Link",
    "Lorg/eclipse/swt/widgets/Listener"
  ],
  "code": "${linkType:newType(org.eclipse.swt.widgets.Link)} ${link:newName(org.eclipse.swt.widgets.Link)}\u003d new ${linkType}(${parent:var(org.eclipse.swt.widgets.Composite)}, SWT.NONE);\n${link}.setLayoutData(new ${type:newType(org.eclipse.swt.layout.GridData)}(SWT.${horizontal:link(BEGINNING, CENTER, END, FILL)}, SWT.${vertical:link(CENTER, TOP, BOTTOM, FILL)}, ${hex:link(false, true)}, ${vex:link(false, true)}));\n${link}.setText(${word_selection}${});\n${link}.addSelectionListener(new SelectionAdapter() {\n\t\t\t@Override\n\t\t\tpublic void widgetSelected(SelectionEvent e) {\n\t\t\t\t${listener:link(\u0027\u0027)}\n\t\t\t}\n\t\t});\n${imp:import(org.eclipse.swt.SWT, org.eclipse.swt.events.SelectionAdapter, org.eclipse.swt.events.SelectionEvent)}${cursor}"
}