{
  "uuid": "d29180ab-a209-4f96-9757-06e22c98f39f",
  "name": "List",
  "description": "new List",
  "aliases": [],
  "types": [
    "Lorg/eclipse/swt/widgets/List"
  ],
  "code": "${type:newType(org.eclipse.swt.widgets.List)} ${list:newName(org.eclipse.swt.widgets.List)}\u003d new ${type}(${parent:var(org.eclipse.swt.widgets.Composite)}, ${style:link(\u0027SWT.MULTI | SWT.V_SCROLL | SWT.H_SCROLL\u0027, \u0027SWT.MULTI | SWT.V_SCROLL\u0027, SWT.MULTI, \u0027SWT.SINGLE | SWT.V_SCROLL | SWT.H_SCROLL\u0027, \u0027SWT.SINGLE | SWT.V_SCROLL\u0027, SWT.SINGLE)});\n${list}.setLayoutData(new ${gridDataType:newType(org.eclipse.swt.layout.GridData)}(SWT.${horizontal:link(FILL, BEGINNING, CENTER, END)}, SWT.${vertical:link(FILL, TOP, CENTER, BOTTOM)}, ${hex:link(true, false)}, ${vex:link(true, false)}));\n${list}.setItems(${word_selection}${});\n${imp:import(org.eclipse.swt.SWT)}${cursor}"
}