{
  "uuid": "6d88533d-7f6f-4356-884b-93a890625ecc",
  "name": "mainloop",
  "description": "new top level Shell with event loop",
  "aliases": [],
  "code": "${displayType:newType(org.eclipse.swt.widgets.Display)} ${display:newName(org.eclipse.swt.widgets.Display)} \u003d new ${displayType}();\n${shellType:newType(org.eclipse.swt.widgets.Shell)} ${shell:newName(org.eclipse.swt.widgets.Shell)} \u003d new ${shellType}(${display});\n${shell}.setLayout(new ${layoutType:newType(org.eclipse.swt.layout.GridLayout)}(${numberColumns:link(1, 2, 3, 4, 5)}, ${equalColumns:link(false, true)}));\n\n${cursor}\n\n${shell}.pack();\n${shell}.open();\nwhile (!${shell}.isDisposed()) {\n\tif (!${display}.readAndDispatch ()) \n\t\t${display}.sleep();\n}\n${display}.dispose();"
}