{
  "uuid": "ed39fd54-4b1e-4d33-8c51-fac41ddd607d",
  "name": "SashForm",
  "description": "new SashForm",
  "aliases": [],
  "types": [
    "Lorg/eclipse/swt/custom/SashForm"
  ],
  "code": "${type:newType(org.eclipse.swt.custom.SashForm)} ${sash:newName(org.eclipse.swt.custom.SashForm)}\u003d new ${type}(${parent:var(org.eclipse.swt.widgets.Composite)}, ${style:link(SWT.HORIZONTAL, SWT.VERTICAL)});\n${sash}.setLayoutData(new ${gridDataType:newType(org.eclipse.swt.layout.GridData)}(SWT.${horizontal:link(FILL, BEGINNING, CENTER, END)}, SWT.${vertical:link(FILL, TOP, CENTER, BOTTOM)}, ${hex:link(true, false)}, ${vex:link(true, false)}));\n${imp:import(org.eclipse.swt.SWT)}${cursor}\n\n${sash}.setWeights(new int[] {1, 1});"
}