{
  "uuid": "f2fbf733-0446-4aa9-9818-5fc3cc2749b4",
  "name": "Scale",
  "description": "new Scale",
  "aliases": [],
  "types": [
    "Lorg/eclipse/swt/widgets/Scale"
  ],
  "code": "${scaleType:newType(org.eclipse.swt.widgets.Scale)} ${scale:newName(org.eclipse.swt.widgets.Scale)}\u003d new ${scaleType}(${parent:var(org.eclipse.swt.widgets.Composite)}, ${style:link(SWT.HORIZONTAL, SWT.VERTICAL)});\n${scale}.setLayoutData(new ${gridDataType:newType(org.eclipse.swt.layout.GridData)}(SWT.${horizontal:link(BEGINNING, FILL, CENTER, END)}, SWT.${vertical:link(CENTER, TOP, BOTTOM, FILL)}, ${hex:link(false, true)}, ${vex:link(false, true)}));\n${scale}.setMaximum(${max:link(100)});\n${scale}.setIncrement(${inc:link(5)});\n${imp:import(org.eclipse.swt.SWT)}${cursor}"
}