{
  "uuid": "c569f881-d5ac-44ba-bcd3-98bb18768901",
  "name": "ScrolledComposite",
  "description": "new ScrolledComposite",
  "aliases": [],
  "types": [
    "Lorg/eclipse/swt/widgets/ScrolledComposite",
    "Lorg/eclipse/swt/widgets/Composite"
  ],
  "code": "${compositeType:newType(org.eclipse.swt.custom.ScrolledComposite)} ${scrolled:newName(org.eclipse.swt.custom.ScrolledComposite)} \u003d new ${compositeType}(${parent:var(org.eclipse.swt.widgets.Composite)}, ${style:link(\u0027SWT.H_SCROLL | SWT.V_SCROLL\u0027, SWT.H_SCROLL, SWT.V_SCROLL)});\n${scrolled}.setLayoutData(new ${gridDataType:newType(org.eclipse.swt.layout.GridData)}(SWT.${horizontal:link(FILL, BEGINNING, CENTER, END)}, SWT.${vertical:link(FILL, TOP, CENTER, BOTTOM)}, ${hex:link(true, false)}, ${vex:link(true, false)}));\n${scrolled}.setExpandVertical(${exV:link(false, true)});\n${scrolled}.setExpandHorizontal(${exH:link(false, true)});\n${imp:import(org.eclipse.swt.SWT)}${cursor}\n\n${scrolled}.setContent(${content});\nPoint ${contentSize:newName(org.eclipse.swt.graphics.Point)} \u003d ${content}.computeSize(SWT.DEFAULT, SWT.DEFAULT);\n${content}.setSize(${contentSize});\n${scrolled}.setMinSize(${contentSize});"
}