{
  "uuid": "cd1d0aed-8437-47fc-a68e-159ffaf3b13f",
  "name": "Shell",
  "description": "new Shell",
  "aliases": [],
  "types": [
    "Lorg/eclipse/swt/widgets/Shell"
  ],
  "code": "${shellType:newType(org.eclipse.swt.widgets.Shell)} ${shell:newName(org.eclipse.swt.widgets.Shell)} \u003d new ${shellType}(${parent:var(org.eclipse.swt.widgets.Shell)}, ${style:link(\u0027SWT.DIALOG_TRIM | SWT.PRIMARY_MODAL\u0027, \u0027SWT.DIALOG_TRIM | SWT.MODELESS\u0027, \u0027SWT.SHELL_TRIM | SWT.MODELESS\u0027, \u0027SWT.SHELL_TRIM | SWT.PRIMARY_MODAL\u0027)});\n${shell}.setLayout(new ${layoutType:newType(org.eclipse.swt.layout.GridLayout)}(${numberColumns:link(1, 2, 3, 4, 5)}, ${equalColumns:link(false, true)}));\n\n${imp:import(org.eclipse.swt.SWT)}${cursor}\n\n${shell}.pack();\n\n${shell}.open();"
}