{
  "uuid": "30b98f64-e471-4af8-93a9-91b6bee1f65a",
  "name": "StyleRange",
  "description": "new StyleRange for a StyledText",
  "aliases": [],
  "types": [
    "Lorg/eclipse/swt/custom/StyleRange",
    "Lorg/eclipse/swt/widgets/Display" 
  ],
  "code": "${type:newType(org.eclipse.swt.custom.StyleRange)} ${range:newName(org.eclipse.swt.custom.StyleRange)}\u003d new ${type}();\n${range}.start\u003d ${start:link(0)};\n${range}.length\u003d ${length:link(0)};\n${range}.foreground\u003d ${fColor:link(null, \u0027Display.getDefault().getSystemColor(SWT.COLOR_BLACK)\u0027, \u0027Display.getDefault().getSystemColor(SWT.COLOR_WHITE)\u0027, \u0027Display.getDefault().getSystemColor(SWT.COLOR_RED)\u0027, \u0027Display.getDefault().getSystemColor(SWT.COLOR_BLUE)\u0027, \u0027Display.getDefault().getSystemColor(SWT.COLOR_GREEN)\u0027)};\n${range}.background\u003d ${bColor:link(null, \u0027Display.getDefault().getSystemColor(SWT.COLOR_BLACK)\u0027, \u0027Display.getDefault().getSystemColor(SWT.COLOR_WHITE)\u0027, \u0027Display.getDefault().getSystemColor(SWT.COLOR_RED)\u0027, \u0027Display.getDefault().getSystemColor(SWT.COLOR_BLUE)\u0027, \u0027Display.getDefault().getSystemColor(SWT.COLOR_GREEN)\u0027)};\n${range}.fontStyle\u003d ${fStyle:link(SWT.NORMAL, SWT.ITALIC, SWT.BOLD)};\n${text:var(org.eclipse.swt.custom.StyledText)}.setStyleRange(${range});\n${imp:import(org.eclipse.swt.SWT, org.eclipse.swt.widgets.Display)}${cursor}"
}