{
  "uuid": "d61fb138-c3a3-4e98-8baf-054b56fd11e1",
  "name": "TabFolder",
  "description": "new TabFolder",
  "aliases": [],
  "types": [
    "Lorg/eclipse/swt/widgets/TabFolder"
  ],
  "code": "${type:newType(org.eclipse.swt.widgets.TabFolder)} ${folder:newName(org.eclipse.swt.widgets.TabFolder)}\u003d new ${type}(${parent:var(org.eclipse.swt.widgets.Composite)}, ${style:link(SWT.TOP, SWT.BOTTOM)});\n${folder}.setLayoutData(new ${gridDataType:newType(org.eclipse.swt.layout.GridData)}(SWT.${horizontal:link(FILL, BEGINNING, CENTER, END)}, SWT.${vertical:link(FILL, TOP, CENTER, BOTTOM)}, ${hex:link(true, false)}, ${vex:link(true, false)}));\n${imp:import(org.eclipse.swt.SWT)}${cursor}"
}