{
  "uuid": "84920131-1901-49db-988f-07772078555e",
  "name": "TabItem",
  "description": "new TabItem for a TabFolder",
  "aliases": [],
  "types": [
    "Lorg/eclipse/swt/widgets/TabItem",
    "Lorg/eclipse/swt/widgets/TabFolder"
  ],
  "code": "${type:newType(org.eclipse.swt.widgets.TabItem)} ${item:newName(org.eclipse.swt.widgets.TabItem)}\u003d new ${type}(${parent:var(org.eclipse.swt.widgets.TabFolder)}, SWT.NONE);\n${item}.setText(${word_selection}${});\n${imp:import(org.eclipse.swt.SWT)}${cursor}\n\n${item}.setControl(${control});"
}