{
  "uuid": "6927fdb2-7d78-4063-a567-fe0bbe69840c",
  "name": "TableColumn",
  "description": "new TableColumn for a Table ",
  "aliases": [],
  "types": [
    "Lorg/eclipse/swt/widgets/TableColumn",
    "Lorg/eclipse/swt/widgets/Table"
  ],
  "code": "${type:newType(org.eclipse.swt.widgets.TableColumn)} ${column:newName(org.eclipse.swt.widgets.TableColumn)}\u003d new ${type}(${parent:var(org.eclipse.swt.widgets.Table)}, ${style:link(SWT.LEAD, SWT.CENTER, SWT.TRAIL)});\n${column}.setText(${word_selection}${});\n${imp:import(org.eclipse.swt.SWT)}${cursor}"
}