{
  "uuid": "6b53632f-9af6-44fe-b84b-418a572a57f1",
  "name": "TableItem",
  "description": "new TableItem for a Table",
  "aliases": [],
  "types": [
    "Lorg/eclipse/swt/widgets/TableItem",
    "Lorg/eclipse/swt/widgets/Table"
  ],
  "code": "${type:newType(org.eclipse.swt.widgets.TableItem)} ${item:newName(org.eclipse.swt.widgets.TableItem)}\u003d new ${type}(${parent:var(org.eclipse.swt.widgets.Table)}, SWT.NONE);\n${item}.setText(${count:link(0, 1, 2, 3, 4, 5)}, ${word_selection}${});\n${imp:import(org.eclipse.swt.SWT)}${cursor}"
}