{
  "uuid": "1ab4f58b-bbf6-4d99-8144-c80d421a2cbd",
  "name": "Table",
  "description": "new Table",
  "aliases": [],
  "types": [
    "Lorg/eclipse/swt/widgets/Table"
  ],
  "code": "${type:newType(org.eclipse.swt.widgets.Table)} ${table:newName(org.eclipse.swt.widgets.Table)}\u003d new ${type}(${parent:var(org.eclipse.swt.widgets.Composite)}, ${style:link(\u0027SWT.SINGLE | SWT.FULL_SELECTION\u0027, \u0027SWT.MULTI | SWT.FULL_SELECTION\u0027, SWT.CHECK, SWT.NONE, SWT.VIRTUAL)});\n${table}.setLayoutData(new ${gridDataType:newType(org.eclipse.swt.layout.GridData)}(SWT.${horizontal:link(FILL, BEGINNING, CENTER, END)}, SWT.${vertical:link(FILL, TOP, CENTER, BOTTOM)}, ${hex:link(true, false)}, ${vex:link(true, false)}));\n${table}.setLinesVisible(${line:link(true, false)});\n${table}.setHeaderVisible(${header:link(true, false)});\n${imp:import(org.eclipse.swt.SWT)}${cursor}\n\nfor (int ${index} \u003d 0; ${index} \u003c ${table}.getColumnCount(); ${index}++) {\n\t${table}.getColumn(${index}).pack();\n}"
}