{
  "uuid": "a8f78be0-e033-4c83-b870-8e2ed1ff28b5",
  "name": "Text",
  "description": "new Text",
  "aliases": [],
  "types": [
    "Lorg/eclipse/swt/widgets/Text"
  ],
  "code": "${type:newType(org.eclipse.swt.widgets.Text)} ${text:newName(org.eclipse.swt.widgets.Text)}\u003d new ${type}(${parent:var(org.eclipse.swt.widgets.Composite)}, ${style:link(\u0027SWT.SINGLE | SWT.LEAD | SWT.BORDER\u0027, \u0027SWT.SINGLE | SWT.LEAD | SWT.READ_ONLY | SWT.BORDER\u0027, \u0027SWT.SINGLE | SWT.LEAD | SWT.PASSWORD | SWT.BORDER\u0027, \u0027SWT.MULTI | SWT.WRAP | SWT.V_SCROLL | SWT.BORDER\u0027, \u0027SWT.MULTI | SWT.H_SCROLL | SWT.V_SCROLL | SWT.BORDER\u0027)});\n${text}.setLayoutData(new ${gridDataType:newType(org.eclipse.swt.layout.GridData)}(SWT.${horizontal:link(FILL, BEGINNING, CENTER, END)}, SWT.${vertical:link(CENTER, TOP, BOTTOM, FILL)}, ${hex:link(true, false)}, ${vex:link(false, true)}));\n${text}.setText(${word_selection}${});\n${imp:import(org.eclipse.swt.SWT)}${cursor}"
}