{
  "uuid": "a8a2f2c8-36e3-473d-b421-ca299d77345a",
  "name": "ToolItem",
  "description": "new ToolItem for a ToolBar",
  "aliases": [],
  "types": [
    "Lorg/eclipse/swt/widgets/ToolItem",
    "Lorg/eclipse/swt/widgets/ToolBar"
  ],
  "code": "${type:newType(org.eclipse.swt.widgets.ToolItem)} ${item:newName(org.eclipse.swt.widgets.ToolItem)}\u003d new ${type}(${parent:var(org.eclipse.swt.widgets.ToolBar)}, ${style:link(SWT.PUSH, SWT.CHECK, SWT.RADIO, SWT.SEPARATOR, SWT.DROP_DOWN)});\n${item}.setText(${word_selection}${});\n${imp:import(org.eclipse.swt.SWT)}${cursor}"
}