{
  "uuid": "2da1cd39-b03f-4b43-a17f-d2ee0d4c5d85",
  "name": "ToolBar",
  "description": "new ToolBar",
  "aliases": [],
  "types": [
    "Lorg/eclipse/swt/widgets/ToolBar"
  ],
  "code": "${type:newType(org.eclipse.swt.widgets.ToolBar)} ${bar:newName(org.eclipse.swt.widgets.ToolBar)}\u003d new ${type}(${parent:var(org.eclipse.swt.widgets.Composite)}, ${style:link(SWT.FLAT, SWT.WRAP, SWT.RIGHT, SWT.HORIZONTAL, SWT.VERTICAL, SWT.SHADOW_OUT)});\n${bar}.setLayoutData(new ${gridDataType:newType(org.eclipse.swt.layout.GridData)}(SWT.${horizontal:link(FILL, BEGINNING, CENTER, END)}, SWT.${vertical:link(FILL, TOP, CENTER, BOTTOM)}, ${hex:link(true, false)}, ${vex:link(true, false)}));\n${imp:import(org.eclipse.swt.SWT)}${cursor}"
}