{
  "uuid": "db46115a-835b-499c-8845-3c583acba20a",
  "name": "TreeItem",
  "description": "new TreeItem for a Tree",
  "aliases": [],
  "types": [
    "Lorg/eclipse/swt/widgets/TreeItem",
    "Lorg/eclipse/swt/widgets/Tree"
  ],
  "code": "${type:newType(org.eclipse.swt.widgets.TreeItem)} ${item:newName(org.eclipse.swt.widgets.TreeItem)}\u003d new ${type}(${parent:var(org.eclipse.swt.widgets.Tree, org.eclipse.swt.widgets.TreeItem)}, SWT.NONE);\n${item}.setText(${count:link(0, 1, 2, 3, 4, 5)}, ${word_selection}${});\n${imp:import(org.eclipse.swt.SWT)}${cursor}"
}