{
  "uuid": "36a38933-12f2-442b-b409-ef464a162727",
  "name": "TreeColumn",
  "description": "new TreeColumn for a Tree ",
  "aliases": [],
  "types": [
    "Lorg/eclipse/swt/widgets/TreeColumn",
    "Lorg/eclipse/swt/widgets/Tree"
  ],
  "code": "${type:newType(org.eclipse.swt.widgets.TreeColumn)} ${column:newName(org.eclipse.swt.widgets.TreeColumn)}\u003d new ${type}(${parent:var(org.eclipse.swt.widgets.Tree)}, ${style:link(SWT.LEAD, SWT.CENTER, SWT.TRAIL)});\n${column}.setText(${word_selection}${});\n${imp:import(org.eclipse.swt.SWT)}${cursor}"
}