{
  "uuid": "e5fc7137-22b4-4b8e-9689-4daf2c0fc944",
  "name": "Tree",
  "description": "new Tree",
  "aliases": [],
  "types": [
    "Lorg/eclipse/swt/widgets/Tree"
  ],
  "code": "${type:newType(org.eclipse.swt.widgets.Tree)} ${tree:newName(org.eclipse.swt.widgets.Tree)}\u003d new ${type}(${parent:var(org.eclipse.swt.widgets.Composite)}, ${style:link(\u0027SWT.SINGLE | SWT.FULL_SELECTION\u0027, \u0027SWT.MULTI | SWT.FULL_SELECTION\u0027, SWT.CHECK, SWT.NONE, SWT.VIRTUAL)});\n${tree}.setLayoutData(new ${gridDataType:newType(org.eclipse.swt.layout.GridData)}(SWT.${horizontal:link(FILL, BEGINNING, CENTER, END)}, SWT.${vertical:link(FILL, TOP, CENTER, BOTTOM)}, ${hex:link(true, false)}, ${vex:link(true, false)}));\n${tree}.setLinesVisible(${line:link(true, false)});\n${tree}.setHeaderVisible(${header:link(true, false)});\n${imp:import(org.eclipse.swt.SWT)}${cursor}\n\nfor (int ${index} \u003d 0; ${index} \u003c ${tree}.getColumnCount(); ${index}++) {\n\t${tree}.getColumn(${index}).pack();\n}"
}