{
  "uuid": "a46c935b-a707-4b34-9749-60db520b2db1",
  "name": "SimpleDateFormat-1",
  "description": "new SimpleDateFormat parse format",
  "aliases": [],
  "types": [
    "Ljava/text/SimpleDateFormat",
    "Ljava/util/Date"
  ],
  "code": "${simpledateformatType:newType(java.text.SimpleDateFormat)} ${simpledateformat:newName(java.text.SimpleDateFormat)} \u003d new ${simpledateformatType}(${string:var(java.lang.String)});${parseType:newType(java.util.Date)} ${parse:newName(java.util.Date)} \u003d ${simpledateformat}.parse(${string1:var(java.lang.String)});${formatType:newType(java.lang.String)} ${format:newName(java.lang.String)} \u003d ${simpledateformat}.format(${date:var(java.util.Date)});"
}