{
  "uuid": "23b54648-ea7d-4aa9-b8a0-2048b17f62e5",
  "name": "StringTokenizer-8",
  "description": "new StringTokenizer hasMoreTokens nextToken",
  "aliases": [],
  "types": [
    "Ljava/util/StringTokenizer",
    "Ljava/lang/String"
  ],
  "code": "${stringtokenizerType:newType(java.util.StringTokenizer)} ${stringtokenizer:newName(java.util.StringTokenizer)} \u003d new ${stringtokenizerType}(${string:var(java.lang.String)}, ${string1:var(java.lang.String)});\n// ${todo} Adjust condition\nif (${stringtokenizer}.hasMoreTokens()) { \n// Do something\n}${nexttokenType:newType(java.lang.String)} ${nexttoken:newName(java.lang.String)} \u003d ${stringtokenizer}.nextToken();"
}